fatigued_creative_id,nearest_stable_creative_id,feature_space_distance,top_feature_contrasts,observed_time_to_fatigue_days
500001,500977,5.0823550832382365,early_spend_usd: you=8481 vs stable_peer=8971 | early_revenue_usd: you=2.264e+04 vs stable_peer=2.283e+04 | format: you=rewarded_video vs stable_peer=playable | hook_type: you=free rewards vs stable_peer=discover | cta_text: you=Claim reward vs stable_peer=Learn more | subhead: you=No ads in first week vs stable_peer=Free rewards for new players,12.0
500002,500904,4.831930630617748,early_revenue_usd: you=1.881e+04 vs stable_peer=1.448e+04 | early_spend_usd: you=7054 vs stable_peer=7772 | format: you=rewarded_video vs stable_peer=interstitial | theme: you=feature-focus vs stable_peer=competitive | cta_text: you=Claim reward vs stable_peer=Book now | headline: you=Win epic rewards vs stable_peer=Join the arena,11.0
500023,501026,4.315631732283736,early_revenue_usd: you=6.976e+04 vs stable_peer=5.109e+04 | early_spend_usd: you=4934 vs stable_peer=3749 | language: you=pt vs stable_peer=fr | hook_type: you=escape vs stable_peer=challenge | cta_text: you=Install now vs stable_peer=Claim reward | headline: you=Escape this weekend vs stable_peer=Book your next trip,12.0
500030,500610,4.452948926987702,early_revenue_usd: you=2.164e+04 vs stable_peer=1.283e+04 | early_spend_usd: you=4933 vs stable_peer=3843 | language: you=es vs stable_peer=en | theme: you=ugc vs stable_peer=trust | hook_type: you=late-night vs stable_peer=exclusive | cta_text: you=Watch now vs stable_peer=Get offer,14.0
500036,500398,3.903888342190061,early_revenue_usd: you=1.644e+04 vs stable_peer=8402 | early_spend_usd: you=5334 vs stable_peer=3072 | format: you=rewarded_video vs stable_peer=playable | language: you=it vs stable_peer=en | theme: you=competitive vs stable_peer=fantasy | cta_text: you=Claim reward vs stable_peer=Install now,11.0
500037,500257,5.6713890679041965,early_revenue_usd: you=3.548e+04 vs stable_peer=3.435e+04 | early_spend_usd: you=1.065e+04 vs stable_peer=9858 | theme: you=gameplay vs stable_peer=competitive | hook_type: you=security vs stable_peer=free shipping | cta_text: you=Watch now vs stable_peer=Install now | headline: you=Beat your rivals vs stable_peer=Unlock rare gear,10.0
500039,500904,4.583976382927557,early_spend_usd: you=4037 vs stable_peer=7772 | early_revenue_usd: you=1.352e+04 vs stable_peer=1.448e+04 | language: you=fr vs stable_peer=ja | theme: you=ugc vs stable_peer=competitive | hook_type: you=fast vs stable_peer=competition | cta_text: you=Get offer vs stable_peer=Book now,11.0
500040,500005,4.573677660825426,early_spend_usd: you=4572 vs stable_peer=8339 | early_revenue_usd: you=1.529e+04 vs stable_peer=1.868e+04 | language: you=pt vs stable_peer=ja | theme: you=reward vs stable_peer=ugc | hook_type: you=power-up vs stable_peer=competition | cta_text: you=Book now vs stable_peer=Shop now,11.0
500054,501031,3.8681480727637996,early_revenue_usd: you=6.478e+04 vs stable_peer=6.245e+04 | early_spend_usd: you=4747 vs stable_peer=4653 | language: you=en vs stable_peer=es | theme: you=feature-focus vs stable_peer=discount | cta_text: you=Learn more vs stable_peer=Watch now | headline: you=Last-minute savings vs stable_peer=Dream destinations await,14.0
500056,500344,5.0261974094088595,early_revenue_usd: you=1.09e+05 vs stable_peer=8.946e+04 | early_spend_usd: you=7598 vs stable_peer=5875 | language: you=en vs stable_peer=es | theme: you=food-closeup vs stable_peer=destination | hook_type: you=book now vs stable_peer=escape | headline: you=Escape this weekend vs stable_peer=Fly smarter,13.0
500059,500851,5.244887772707705,early_revenue_usd: you=1.47e+05 vs stable_peer=1.227e+05 | early_spend_usd: you=1.429e+04 vs stable_peer=1.357e+04 | format: you=rewarded_video vs stable_peer=interstitial | theme: you=food-closeup vs stable_peer=wanderlust | hook_type: you=escape vs stable_peer=last-minute deal | cta_text: you=Try for free vs stable_peer=Order now,13.0
500070,500934,4.0199147444772985,early_revenue_usd: you=1.748e+04 vs stable_peer=2.723e+04 | early_spend_usd: you=4161 vs stable_peer=8402 | language: you=fr vs stable_peer=de | theme: you=product-focus vs stable_peer=discount | hook_type: you=security vs stable_peer=exclusive | cta_text: you=Install now vs stable_peer=Get offer,16.0
500074,500149,3.9268974199598152,early_revenue_usd: you=1.694e+04 vs stable_peer=1.211e+04 | early_spend_usd: you=5898 vs stable_peer=3521 | language: you=en vs stable_peer=es | theme: you=gameplay vs stable_peer=fantasy | hook_type: you=free rewards vs stable_peer=fast | headline: you=Join the arena vs stable_peer=Level up today,12.0
500087,500481,3.627429844798272,early_revenue_usd: you=7.944e+04 vs stable_peer=7.306e+04 | early_spend_usd: you=5828 vs stable_peer=6626 | theme: you=feature-focus vs stable_peer=minimalist | cta_text: you=Install now vs stable_peer=Watch now | headline: you=Save with confidence vs stable_peer=Track every euro | dominant_color: you=green vs stable_peer=orange,13.0
500112,500288,3.779467521847779,early_revenue_usd: you=1.452e+04 vs stable_peer=1.248e+04 | early_spend_usd: you=4224 vs stable_peer=4047 | format: you=playable vs stable_peer=rewarded_video | language: you=de vs stable_peer=fr | theme: you=fantasy vs stable_peer=product-focus | hook_type: you=power-up vs stable_peer=limited offer,13.0
500113,500505,3.6578880789940236,early_revenue_usd: you=1.773e+04 vs stable_peer=1.23e+04 | early_spend_usd: you=6004 vs stable_peer=4775 | language: you=it vs stable_peer=en | hook_type: you=competition vs stable_peer=free shipping | cta_text: you=Book now vs stable_peer=Claim reward | headline: you=Join the arena vs stable_peer=Level up today,12.0
500114,500043,4.2504068985104695,early_revenue_usd: you=7996 vs stable_peer=1.584e+04 | early_spend_usd: you=1974 vs stable_peer=3534 | format: you=rewarded_video vs stable_peer=interstitial | theme: you=ugc vs stable_peer=product-focus | cta_text: you=Shop now vs stable_peer=Order now | headline: you=New collection drop vs stable_peer=Your next favorite pick,13.0
500118,500512,3.7279311899225123,early_spend_usd: you=6131 vs stable_peer=3236 | early_revenue_usd: you=2.947e+04 vs stable_peer=3.14e+04 | language: you=en vs stable_peer=es | theme: you=discount vs stable_peer=ugc | hook_type: you=new collection vs stable_peer=free rewards | headline: you=Limited stock vs stable_peer=Flash sale live,15.0
500127,500347,3.9042843900406834,early_revenue_usd: you=6.924e+04 vs stable_peer=9.25e+04 | early_spend_usd: you=5611 vs stable_peer=6181 | theme: you=destination vs stable_peer=discount | cta_text: you=Shop now vs stable_peer=Get offer | subhead: you=Hotels + flights in one tap vs stable_peer=Flexible booking options | dominant_color: you=teal vs stable_peer=white,13.0
500128,500484,6.585304493252364,early_spend_usd: you=1.819e+04 vs stable_peer=2.684e+04 | early_revenue_usd: you=1.933e+05 vs stable_peer=1.888e+05 | vertical: you=travel vs stable_peer=fintech | format: you=rewarded_video vs stable_peer=interstitial | theme: you=destination vs stable_peer=family | hook_type: you=book now vs stable_peer=security,10.0
500135,500202,4.282911923886109,early_revenue_usd: you=1.604e+04 vs stable_peer=5.504e+04 | early_spend_usd: you=4757 vs stable_peer=4053 | vertical: you=food_delivery vs stable_peer=travel | language: you=en vs stable_peer=fr | theme: you=urgency vs stable_peer=wanderlust | hook_type: you=fast vs stable_peer=discover,13.0
500145,500257,5.338830364292238,early_revenue_usd: you=2.342e+04 vs stable_peer=3.435e+04 | early_spend_usd: you=7264 vs stable_peer=9858 | language: you=ja vs stable_peer=pt | theme: you=family vs stable_peer=competitive | hook_type: you=competition vs stable_peer=free shipping | cta_text: you=Book now vs stable_peer=Install now,10.0
500148,500757,4.064516132175435,early_revenue_usd: you=2.907e+04 vs stable_peer=2.307e+04 | early_spend_usd: you=8837 vs stable_peer=7448 | language: you=es vs stable_peer=fr | theme: you=food-closeup vs stable_peer=minimalist | hook_type: you=challenge vs stable_peer=free rewards | cta_text: you=Start now vs stable_peer=Learn more,11.0
500157,501061,3.768349760170784,"early_revenue_usd: you=8.41e+04 vs stable_peer=6.824e+04 | early_spend_usd: you=4441 vs stable_peer=5635 | language: you=it vs stable_peer=es | theme: you=reward vs stable_peer=testimonial | cta_text: you=Book now vs stable_peer=Claim reward | subhead: you=Fast signup, instant card vs stable_peer=Built for peace of mind",13.0
500164,500419,4.659439577431692,early_revenue_usd: you=3.003e+04 vs stable_peer=8.987e+04 | early_spend_usd: you=1619 vs stable_peer=4752 | language: you=en vs stable_peer=es | theme: you=urgency vs stable_peer=trust | hook_type: you=book now vs stable_peer=escape | cta_text: you=Start now vs stable_peer=Install now,12.0
500166,500380,5.178264811516122,early_revenue_usd: you=5.214e+04 vs stable_peer=8.002e+04 | early_spend_usd: you=3852 vs stable_peer=6367 | hook_type: you=book now vs stable_peer=escape | cta_text: you=Install now vs stable_peer=Order now | headline: you=Fly smarter vs stable_peer=Escape this weekend | subhead: you=Hotels + flights in one tap vs stable_peer=Flexible booking options,15.0
500180,500076,6.6293222807065915,early_spend_usd: you=1.851e+04 vs stable_peer=2.957e+04 | early_revenue_usd: you=4.923e+04 vs stable_peer=4.217e+04 | language: you=pt vs stable_peer=ja | theme: you=competitive vs stable_peer=celebrity | hook_type: you=free rewards vs stable_peer=challenge | cta_text: you=Claim reward vs stable_peer=Get offer,10.0
500181,500757,4.89706632281119,early_spend_usd: you=4632 vs stable_peer=7448 | early_revenue_usd: you=2.438e+04 vs stable_peer=2.307e+04 | language: you=pt vs stable_peer=fr | theme: you=testimonial vs stable_peer=minimalist | hook_type: you=competition vs stable_peer=free rewards | cta_text: you=Book now vs stable_peer=Learn more,14.0
500182,500216,3.6047794128577895,early_revenue_usd: you=1.43e+04 vs stable_peer=1.076e+04 | early_spend_usd: you=3214 vs stable_peer=4639 | format: you=rewarded_video vs stable_peer=playable | theme: you=competitive vs stable_peer=fantasy | hook_type: you=free rewards vs stable_peer=free shipping | cta_text: you=Shop now vs stable_peer=Watch now,15.0
500183,500218,3.866165526810317,early_revenue_usd: you=1.45e+04 vs stable_peer=1.127e+04 | early_spend_usd: you=3071 vs stable_peer=5191 | language: you=es vs stable_peer=en | theme: you=gameplay vs stable_peer=competitive | headline: you=Join the arena vs stable_peer=Unlock rare gear | duration_sec: you=0 vs stable_peer=8,11.0
500184,500541,3.670014270499165,early_revenue_usd: you=1.153e+04 vs stable_peer=1.55e+04 | early_spend_usd: you=2651 vs stable_peer=4647 | language: you=es vs stable_peer=de | theme: you=trust vs stable_peer=reward | cta_text: you=Get offer vs stable_peer=Install now | headline: you=Win epic rewards vs stable_peer=Level up today,12.0
500185,500507,3.9333567375809295,early_revenue_usd: you=2.059e+04 vs stable_peer=1.48e+04 | early_spend_usd: you=4186 vs stable_peer=4020 | language: you=ja vs stable_peer=fr | theme: you=fantasy vs stable_peer=gameplay | hook_type: you=free rewards vs stable_peer=new collection | subhead: you=Play with friends tonight vs stable_peer=No ads in first week,13.0
500198,500599,5.1889044395801545,early_revenue_usd: you=1.179e+05 vs stable_peer=7.671e+04 | early_spend_usd: you=1.024e+04 vs stable_peer=5651 | language: you=fr vs stable_peer=ja | hook_type: you=last-minute deal vs stable_peer=discover | cta_text: you=Learn more vs stable_peer=Shop now | headline: you=Escape this weekend vs stable_peer=Last-minute savings,12.0
500207,500130,4.23898613047127,early_revenue_usd: you=9384 vs stable_peer=8.264e+04 | early_spend_usd: you=2283 vs stable_peer=6914 | vertical: you=food_delivery vs stable_peer=travel | language: you=en vs stable_peer=es | hook_type: you=late-night vs stable_peer=last-minute deal | cta_text: you=Get offer vs stable_peer=Learn more,14.0
500215,500934,3.5810735279574373,early_revenue_usd: you=2.163e+04 vs stable_peer=2.723e+04 | early_spend_usd: you=6771 vs stable_peer=8402 | language: you=en vs stable_peer=de | theme: you=drama vs stable_peer=discount | cta_text: you=Learn more vs stable_peer=Get offer | dominant_color: you=purple vs stable_peer=red,15.0
500220,501011,3.9207840923995136,early_spend_usd: you=3677 vs stable_peer=2496 | early_revenue_usd: you=9298 vs stable_peer=1.03e+04 | format: you=banner vs stable_peer=native | height: you=480 vs stable_peer=320 | language: you=fr vs stable_peer=es | theme: you=food-closeup vs stable_peer=reward,12.0
500235,500525,5.346640575253197,early_revenue_usd: you=1.391e+05 vs stable_peer=7.711e+04 | early_spend_usd: you=1.023e+04 vs stable_peer=6004 | language: you=it vs stable_peer=ja | theme: you=wanderlust vs stable_peer=discount | hook_type: you=last-minute deal vs stable_peer=escape | headline: you=Dream destinations await vs stable_peer=Escape this weekend,15.0
500242,500658,4.776357560866573,early_revenue_usd: you=3.538e+04 vs stable_peer=4.862e+04 | early_spend_usd: you=8305 vs stable_peer=1.156e+04 | vertical: you=food_delivery vs stable_peer=ecommerce | language: you=ja vs stable_peer=en | theme: you=reward vs stable_peer=discount | hook_type: you=late-night vs stable_peer=security,11.0
500247,500357,3.7470532072228546,early_revenue_usd: you=2.444e+04 vs stable_peer=4.055e+04 | early_spend_usd: you=5897 vs stable_peer=1.109e+04 | language: you=en vs stable_peer=es | theme: you=competitive vs stable_peer=celebrity | hook_type: you=watch now vs stable_peer=trending | cta_text: you=Start now vs stable_peer=Learn more,14.0
500252,500147,5.17551021018234,early_revenue_usd: you=2.128e+04 vs stable_peer=1.746e+04 | early_spend_usd: you=4930 vs stable_peer=4064 | format: you=playable vs stable_peer=rewarded_video | language: you=pt vs stable_peer=ja | theme: you=competitive vs stable_peer=gameplay | hook_type: you=challenge vs stable_peer=competition,10.0
500254,500147,4.48322460739961,early_revenue_usd: you=2.436e+04 vs stable_peer=1.746e+04 | early_spend_usd: you=4817 vs stable_peer=4064 | language: you=es vs stable_peer=ja | theme: you=fantasy vs stable_peer=gameplay | hook_type: you=power-up vs stable_peer=competition | cta_text: you=Start now vs stable_peer=Shop now,10.0
500255,500003,4.645756911159186,early_spend_usd: you=5597 vs stable_peer=1.34e+04 | early_revenue_usd: you=2.429e+04 vs stable_peer=2.949e+04 | language: you=es vs stable_peer=en | theme: you=fantasy vs stable_peer=testimonial | hook_type: you=power-up vs stable_peer=free shipping | cta_text: you=Get offer vs stable_peer=Order now,10.0
500270,500666,4.44126366244293,early_revenue_usd: you=1.478e+05 vs stable_peer=1.788e+05 | early_spend_usd: you=9035 vs stable_peer=1.305e+04 | language: you=es vs stable_peer=en | theme: you=feature-focus vs stable_peer=family | cta_text: you=Get offer vs stable_peer=Watch now | headline: you=Last-minute savings vs stable_peer=Book your next trip,10.0
500272,500850,4.367308677424406,early_revenue_usd: you=5.253e+04 vs stable_peer=6.4e+04 | early_spend_usd: you=2241 vs stable_peer=5404 | language: you=es vs stable_peer=en | hook_type: you=escape vs stable_peer=trending | cta_text: you=Start now vs stable_peer=Install now | headline: you=Book your next trip vs stable_peer=Dream destinations await,13.0
500274,500635,3.735437013428436,early_revenue_usd: you=8.27e+04 vs stable_peer=7.79e+04 | early_spend_usd: you=3958 vs stable_peer=4391 | language: you=es vs stable_peer=en | theme: you=family vs stable_peer=destination | hook_type: you=escape vs stable_peer=discover | cta_text: you=Order now vs stable_peer=Shop now,12.0
500281,500062,4.7049252285045435,"early_revenue_usd: you=4.113e+04 vs stable_peer=3.524e+04 | early_spend_usd: you=1.104e+04 vs stable_peer=5522 | language: you=ja vs stable_peer=en | hook_type: you=free delivery vs stable_peer=late-night | cta_text: you=Watch now vs stable_peer=Install now | headline: you=Your cravings, delivered vs stable_peer=Fast food, fast",10.0
500290,500543,4.297807331135163,early_revenue_usd: you=1.413e+04 vs stable_peer=1.949e+04 | early_spend_usd: you=4419 vs stable_peer=5880 | language: you=fr vs stable_peer=en | theme: you=fantasy vs stable_peer=competitive | hook_type: you=free rewards vs stable_peer=security | subhead: you=Free rewards for new players vs stable_peer=Play with friends tonight,13.0
500292,500580,5.001663730213557,early_revenue_usd: you=2.353e+04 vs stable_peer=2.001e+04 | early_spend_usd: you=9162 vs stable_peer=8097 | language: you=es vs stable_peer=en | theme: you=feature-focus vs stable_peer=reward | hook_type: you=fast vs stable_peer=book now | cta_text: you=Learn more vs stable_peer=Start now,10.0
500293,500288,4.13281381021774,early_revenue_usd: you=2.144e+04 vs stable_peer=1.248e+04 | early_spend_usd: you=7075 vs stable_peer=4047 | language: you=es vs stable_peer=fr | theme: you=feature-focus vs stable_peer=product-focus | hook_type: you=power-up vs stable_peer=limited offer | subhead: you=Free rewards for new players vs stable_peer=No ads in first week,11.0
500312,500062,4.122228844664504,early_revenue_usd: you=1.708e+04 vs stable_peer=3.524e+04 | early_spend_usd: you=3650 vs stable_peer=5522 | language: you=fr vs stable_peer=en | theme: you=discount vs stable_peer=combo | hook_type: you=watch now vs stable_peer=late-night | cta_text: you=Book now vs stable_peer=Install now,12.0
500314,500817,4.884740671946122,early_revenue_usd: you=1.693e+04 vs stable_peer=1.567e+04 | early_spend_usd: you=3872 vs stable_peer=3950 | format: you=rewarded_video vs stable_peer=interstitial | language: you=fr vs stable_peer=en | theme: you=discount vs stable_peer=reward | hook_type: you=late-night vs stable_peer=security,11.0
500320,500066,3.9098980789974163,early_revenue_usd: you=2.835e+04 vs stable_peer=2.636e+04 | early_spend_usd: you=8173 vs stable_peer=6610 | language: you=en vs stable_peer=de | theme: you=ugc vs stable_peer=trailer | cta_text: you=Shop now vs stable_peer=Start now | subhead: you=New hits every week vs stable_peer=Cancel anytime,14.0
500323,500210,4.093757608215562,early_revenue_usd: you=1.837e+04 vs stable_peer=1.171e+04 | early_spend_usd: you=4404 vs stable_peer=3235 | format: you=native vs stable_peer=banner | height: you=320 vs stable_peer=480 | language: you=en vs stable_peer=fr | hook_type: you=watch now vs stable_peer=new season,13.0
500326,500977,3.926552490561184,early_revenue_usd: you=2.074e+04 vs stable_peer=2.283e+04 | early_spend_usd: you=7397 vs stable_peer=8971 | format: you=rewarded_video vs stable_peer=playable | theme: you=competitive vs stable_peer=gameplay | hook_type: you=free rewards vs stable_peer=discover | cta_text: you=Shop now vs stable_peer=Learn more,15.0
500348,501000,4.240914303562824,early_revenue_usd: you=1.784e+04 vs stable_peer=1.098e+04 | early_spend_usd: you=3935 vs stable_peer=2822 | language: you=fr vs stable_peer=en | theme: you=urgency vs stable_peer=food-closeup | hook_type: you=late-night vs stable_peer=free delivery | cta_text: you=Install now vs stable_peer=Shop now,12.0
500361,500168,5.538168069893165,early_revenue_usd: you=1.189e+04 vs stable_peer=1.754e+04 | early_spend_usd: you=4152 vs stable_peer=5745 | vertical: you=gaming vs stable_peer=food_delivery | language: you=pt vs stable_peer=ja | theme: you=competitive vs stable_peer=combo | hook_type: you=power-up vs stable_peer=trending,13.0
500363,500325,4.209725492593598,early_revenue_usd: you=1.109e+04 vs stable_peer=1.031e+04 | early_spend_usd: you=3881 vs stable_peer=4320 | language: you=ja vs stable_peer=en | theme: you=discount vs stable_peer=competitive | subhead: you=No ads in first week vs stable_peer=Play with friends tonight | emotional_tone: you=adventurous vs stable_peer=playful,12.0
500365,500434,4.9271732363607175,early_revenue_usd: you=1.196e+04 vs stable_peer=1.465e+04 | early_spend_usd: you=4390 vs stable_peer=5139 | theme: you=competitive vs stable_peer=fantasy | hook_type: you=last-minute deal vs stable_peer=free rewards | cta_text: you=Try for free vs stable_peer=Claim reward | headline: you=Win epic rewards vs stable_peer=Beat your rivals,13.0
500383,500129,5.17348031847046,early_revenue_usd: you=1.209e+05 vs stable_peer=5.813e+04 | early_spend_usd: you=7167 vs stable_peer=3992 | theme: you=family vs stable_peer=product-focus | hook_type: you=escape vs stable_peer=discover | cta_text: you=Get offer vs stable_peer=Order now | headline: you=Book your next trip vs stable_peer=Fly smarter,14.0
500385,500817,4.976727866933675,early_revenue_usd: you=2.231e+04 vs stable_peer=1.567e+04 | early_spend_usd: you=6183 vs stable_peer=3950 | theme: you=testimonial vs stable_peer=reward | hook_type: you=fast vs stable_peer=security | cta_text: you=Book now vs stable_peer=Shop now | dominant_color: you=orange vs stable_peer=blue,11.0
500390,500609,3.993404085837244,early_revenue_usd: you=1.641e+04 vs stable_peer=2.292e+04 | early_spend_usd: you=2815 vs stable_peer=7074 | language: you=es vs stable_peer=en | theme: you=destination vs stable_peer=celebrity | hook_type: you=last-minute deal vs stable_peer=exclusive | headline: you=Stream the hype vs stable_peer=Watch what’s trending,13.0
500391,500430,4.007258329040839,early_revenue_usd: you=2.667e+04 vs stable_peer=2.285e+04 | early_spend_usd: you=3788 vs stable_peer=4079 | format: you=rewarded_video vs stable_peer=interstitial | language: you=en vs stable_peer=fr | hook_type: you=new season vs stable_peer=save smarter | cta_text: you=Get offer vs stable_peer=Claim reward,14.0
500392,500714,3.762348127511787,early_revenue_usd: you=3.044e+04 vs stable_peer=3.587e+04 | early_spend_usd: you=4948 vs stable_peer=7032 | language: you=es vs stable_peer=ja | theme: you=urgency vs stable_peer=trailer | cta_text: you=Shop now vs stable_peer=Try for free | headline: you=A new season drops vs stable_peer=Exclusive tonight,12.0
500396,500109,3.7777504099776347,early_revenue_usd: you=1.217e+04 vs stable_peer=1.45e+04 | early_spend_usd: you=5120 vs stable_peer=4954 | language: you=es vs stable_peer=de | theme: you=food-closeup vs stable_peer=combo | hook_type: you=power-up vs stable_peer=free rewards | cta_text: you=Shop now vs stable_peer=Order now,13.0
500399,500902,3.734797171660011,early_spend_usd: you=3109 vs stable_peer=5691 | early_revenue_usd: you=8823 vs stable_peer=1.061e+04 | format: you=playable vs stable_peer=rewarded_video | theme: you=gameplay vs stable_peer=competitive | hook_type: you=last-minute deal vs stable_peer=fast | cta_text: you=Book now vs stable_peer=Get offer,15.0
500400,500792,4.191080549588065,early_revenue_usd: you=1.001e+04 vs stable_peer=8078 | early_spend_usd: you=3535 vs stable_peer=2999 | language: you=en vs stable_peer=de | hook_type: you=free rewards vs stable_peer=new collection | cta_text: you=Order now vs stable_peer=Get offer | headline: you=Join the arena vs stable_peer=Level up today,15.0
500401,500221,5.027909998027102,early_revenue_usd: you=2.17e+04 vs stable_peer=8341 | early_spend_usd: you=8456 vs stable_peer=3209 | format: you=playable vs stable_peer=rewarded_video | language: you=en vs stable_peer=fr | theme: you=ugc vs stable_peer=reward | cta_text: you=Watch now vs stable_peer=Get offer,14.0
500407,500226,5.088895136910064,early_revenue_usd: you=1.928e+04 vs stable_peer=3.418e+04 | early_spend_usd: you=2797 vs stable_peer=8042 | hook_type: you=free shipping vs stable_peer=new collection | cta_text: you=Claim reward vs stable_peer=Watch now | subhead: you=Only this weekend vs stable_peer=Free shipping over $25 | emotional_tone: you=trustworthy vs stable_peer=urgent,13.0
500414,500380,5.951069395087679,early_revenue_usd: you=1.525e+05 vs stable_peer=8.002e+04 | early_spend_usd: you=9394 vs stable_peer=6367 | theme: you=gameplay vs stable_peer=wanderlust | hook_type: you=discover vs stable_peer=escape | cta_text: you=Shop now vs stable_peer=Order now | headline: you=Fly smarter vs stable_peer=Escape this weekend,11.0
500415,500307,4.714743762792946,early_revenue_usd: you=7.197e+04 vs stable_peer=6.699e+04 | early_spend_usd: you=2828 vs stable_peer=4811 | language: you=en vs stable_peer=ja | theme: you=urgency vs stable_peer=wanderlust | hook_type: you=last-minute deal vs stable_peer=limited offer | cta_text: you=Shop now vs stable_peer=Install now,14.0
500416,500599,3.6335122598780423,early_revenue_usd: you=8.98e+04 vs stable_peer=7.671e+04 | early_spend_usd: you=3924 vs stable_peer=5651 | language: you=es vs stable_peer=ja | theme: you=family vs stable_peer=destination | hook_type: you=book now vs stable_peer=discover | cta_text: you=Try for free vs stable_peer=Shop now,15.0
500426,501004,4.933295756262618,early_revenue_usd: you=1.991e+04 vs stable_peer=2.252e+04 | early_spend_usd: you=3225 vs stable_peer=5085 | format: you=rewarded_video vs stable_peer=interstitial | language: you=pt vs stable_peer=fr | theme: you=trailer vs stable_peer=trust | hook_type: you=new season vs stable_peer=watch now,14.0
500435,500288,4.625520384899606,early_revenue_usd: you=1.881e+04 vs stable_peer=1.248e+04 | early_spend_usd: you=4813 vs stable_peer=4047 | language: you=pt vs stable_peer=fr | theme: you=gameplay vs stable_peer=product-focus | hook_type: you=power-up vs stable_peer=limited offer | cta_text: you=Order now vs stable_peer=Start now,11.0
500436,500398,3.879507201039816,early_revenue_usd: you=1.619e+04 vs stable_peer=8402 | early_spend_usd: you=5049 vs stable_peer=3072 | language: you=fr vs stable_peer=en | cta_text: you=Shop now vs stable_peer=Install now | dominant_color: you=orange vs stable_peer=lime | copy_length_chars: you=59 vs stable_peer=28,13.0
500439,500043,5.4028254599350705,early_revenue_usd: you=3.214e+04 vs stable_peer=1.584e+04 | early_spend_usd: you=7015 vs stable_peer=3534 | format: you=rewarded_video vs stable_peer=interstitial | theme: you=celebrity vs stable_peer=product-focus | cta_text: you=Install now vs stable_peer=Order now | subhead: you=Shop bestsellers now vs stable_peer=Free shipping over $25,11.0
500453,500347,4.376157611113029,early_revenue_usd: you=6.398e+04 vs stable_peer=9.25e+04 | early_spend_usd: you=5877 vs stable_peer=6181 | language: you=en vs stable_peer=es | theme: you=destination vs stable_peer=discount | hook_type: you=last-minute deal vs stable_peer=discover | cta_text: you=Try for free vs stable_peer=Get offer,14.0
500458,500352,3.7950401922909744,early_revenue_usd: you=3.021e+04 vs stable_peer=1.953e+04 | early_spend_usd: you=4984 vs stable_peer=4566 | language: you=it vs stable_peer=ja | theme: you=destination vs stable_peer=combo | hook_type: you=free delivery vs stable_peer=fast | cta_text: you=Order now vs stable_peer=Get offer,11.0
500459,500749,3.795353156588547,early_revenue_usd: you=2.49e+04 vs stable_peer=1.75e+04 | early_spend_usd: you=4178 vs stable_peer=4148 | language: you=fr vs stable_peer=it | theme: you=product-focus vs stable_peer=discount | hook_type: you=free delivery vs stable_peer=2-for-1 | cta_text: you=Try for free vs stable_peer=Watch now,12.0
500468,500398,3.623057174170731,early_revenue_usd: you=1.457e+04 vs stable_peer=8402 | early_spend_usd: you=4333 vs stable_peer=3072 | format: you=rewarded_video vs stable_peer=playable | language: you=fr vs stable_peer=en | cta_text: you=Learn more vs stable_peer=Install now | dominant_color: you=blue vs stable_peer=lime,12.0
500471,500756,4.349415431709091,early_revenue_usd: you=2.623e+04 vs stable_peer=2.206e+04 | early_spend_usd: you=8551 vs stable_peer=6251 | format: you=playable vs stable_peer=rewarded_video | language: you=en vs stable_peer=fr | theme: you=fantasy vs stable_peer=drama | hook_type: you=power-up vs stable_peer=last-minute deal,10.0
500472,500543,4.268027890275489,early_revenue_usd: you=1.415e+04 vs stable_peer=1.949e+04 | early_spend_usd: you=4885 vs stable_peer=5880 | language: you=fr vs stable_peer=en | theme: you=fantasy vs stable_peer=competitive | hook_type: you=power-up vs stable_peer=security | cta_text: you=Claim reward vs stable_peer=Shop now,11.0
500480,500269,3.833017433945787,early_revenue_usd: you=5.97e+04 vs stable_peer=2.113e+04 | early_spend_usd: you=5974 vs stable_peer=1899 | language: you=en vs stable_peer=fr | theme: you=testimonial vs stable_peer=product-focus | hook_type: you=cashback vs stable_peer=challenge | cta_text: you=Start now vs stable_peer=Try for free,17.0
500486,500488,4.035124334552355,early_revenue_usd: you=7.139e+04 vs stable_peer=1.134e+05 | early_spend_usd: you=5586 vs stable_peer=1.065e+04 | language: you=en vs stable_peer=de | theme: you=discount vs stable_peer=family | hook_type: you=free shipping vs stable_peer=last-minute deal | cta_text: you=Try for free vs stable_peer=Learn more,12.0
500487,500525,5.1485262319155725,early_revenue_usd: you=1.05e+05 vs stable_peer=7.711e+04 | early_spend_usd: you=8586 vs stable_peer=6004 | hook_type: you=trending vs stable_peer=escape | cta_text: you=Watch now vs stable_peer=Try for free | headline: you=Last-minute savings vs stable_peer=Escape this weekend | dominant_color: you=orange vs stable_peer=teal,13.0
500489,500992,4.324338559064898,early_revenue_usd: you=9.779e+04 vs stable_peer=5.422e+04 | early_spend_usd: you=6573 vs stable_peer=4917 | format: you=rewarded_video vs stable_peer=interstitial | language: you=de vs stable_peer=en | theme: you=wanderlust vs stable_peer=urgency | hook_type: you=new collection vs stable_peer=challenge,13.0
500491,501031,4.314017681492125,early_revenue_usd: you=8.524e+04 vs stable_peer=6.245e+04 | early_spend_usd: you=7618 vs stable_peer=4653 | language: you=en vs stable_peer=es | theme: you=destination vs stable_peer=discount | hook_type: you=late-night vs stable_peer=last-minute deal | headline: you=Book your next trip vs stable_peer=Dream destinations await,12.0
500501,500119,5.003861145580659,early_revenue_usd: you=1.729e+04 vs stable_peer=2.444e+04 | early_spend_usd: you=3654 vs stable_peer=6109 | vertical: you=entertainment vs stable_peer=ecommerce | language: you=ja vs stable_peer=en | theme: you=trailer vs stable_peer=discount | hook_type: you=new season vs stable_peer=late-night,13.0
500504,500005,4.310846908263445,early_revenue_usd: you=1.03e+04 vs stable_peer=1.868e+04 | early_spend_usd: you=4086 vs stable_peer=8339 | format: you=interstitial vs stable_peer=rewarded_video | language: you=pt vs stable_peer=ja | theme: you=gameplay vs stable_peer=ugc | hook_type: you=challenge vs stable_peer=competition,12.0
500506,500328,4.0011923332863875,early_revenue_usd: you=1.514e+04 vs stable_peer=1.267e+04 | early_spend_usd: you=5807 vs stable_peer=5541 | theme: you=food-closeup vs stable_peer=reward | hook_type: you=save smarter vs stable_peer=power-up | cta_text: you=Get offer vs stable_peer=Install now | headline: you=Level up today vs stable_peer=Win epic rewards,10.0
500509,500577,5.4733628885841,early_revenue_usd: you=4.645e+04 vs stable_peer=4.057e+04 | early_spend_usd: you=2.052e+04 vs stable_peer=1.942e+04 | language: you=fr vs stable_peer=en | theme: you=competitive vs stable_peer=minimalist | hook_type: you=competition vs stable_peer=cashback | cta_text: you=Order now vs stable_peer=Learn more,10.0
500520,500987,4.986634488258208,"early_revenue_usd: you=1.622e+05 vs stable_peer=1.74e+05 | early_spend_usd: you=1.096e+04 vs stable_peer=1.618e+04 | theme: you=feature-focus vs stable_peer=testimonial | hook_type: you=security vs stable_peer=free rewards | cta_text: you=Learn more vs stable_peer=Claim reward | headline: you=Your money, clearer vs stable_peer=Secure & simple",10.0
500524,500987,5.942736083925288,early_revenue_usd: you=1.717e+05 vs stable_peer=1.74e+05 | early_spend_usd: you=1.647e+04 vs stable_peer=1.618e+04 | vertical: you=travel vs stable_peer=fintech | language: you=de vs stable_peer=es | theme: you=discount vs stable_peer=testimonial | hook_type: you=save smarter vs stable_peer=free rewards,10.0
500545,500041,4.836226901368914,early_revenue_usd: you=5.332e+04 vs stable_peer=3.582e+04 | early_spend_usd: you=1.911e+04 vs stable_peer=1.56e+04 | format: you=playable vs stable_peer=rewarded_video | theme: you=gameplay vs stable_peer=fantasy | hook_type: you=discover vs stable_peer=fast | cta_text: you=Learn more vs stable_peer=Shop now,10.0
500559,500419,4.152747401838347,early_revenue_usd: you=7.517e+04 vs stable_peer=8.987e+04 | early_spend_usd: you=3952 vs stable_peer=4752 | theme: you=testimonial vs stable_peer=trust | hook_type: you=free shipping vs stable_peer=escape | cta_text: you=Order now vs stable_peer=Install now | subhead: you=Special fares today vs stable_peer=Hotels + flights in one tap,11.0
500561,500347,4.5486381972822105,early_revenue_usd: you=8.271e+04 vs stable_peer=9.25e+04 | early_spend_usd: you=4755 vs stable_peer=6181 | language: you=it vs stable_peer=es | hook_type: you=book now vs stable_peer=discover | cta_text: you=Order now vs stable_peer=Get offer | subhead: you=Special fares today vs stable_peer=Flexible booking options,11.0
500562,500347,4.8766010674772176,early_revenue_usd: you=1.159e+05 vs stable_peer=9.25e+04 | early_spend_usd: you=6400 vs stable_peer=6181 | format: you=rewarded_video vs stable_peer=interstitial | theme: you=ugc vs stable_peer=discount | cta_text: you=Book now vs stable_peer=Get offer | headline: you=Dream destinations await vs stable_peer=Book your next trip,12.0
500563,501030,9.820061521380687,early_revenue_usd: you=3.706e+05 vs stable_peer=2.692e+05 | early_spend_usd: you=2.152e+04 vs stable_peer=2.118e+04 | format: you=rewarded_video vs stable_peer=native | width: you=360 vs stable_peer=320 | height: you=640 vs stable_peer=320 | language: you=it vs stable_peer=es,10.0
500565,500785,3.610533972160259,"early_revenue_usd: you=2.171e+04 vs stable_peer=2.651e+04 | early_spend_usd: you=4138 vs stable_peer=3402 | theme: you=feature-focus vs stable_peer=combo | headline: you=Fast food, fast vs stable_peer=Hungry? We got you | dominant_color: you=red vs stable_peer=orange | emotional_tone: you=excited vs stable_peer=adventurous",14.0
500569,500636,4.052396716330491,early_revenue_usd: you=1.362e+04 vs stable_peer=2.221e+04 | early_spend_usd: you=3069 vs stable_peer=5678 | language: you=ja vs stable_peer=en | theme: you=combo vs stable_peer=fantasy | hook_type: you=discover vs stable_peer=2-for-1 | cta_text: you=Claim reward vs stable_peer=Get offer,13.0
500573,500753,5.528717686313497,early_revenue_usd: you=2.969e+04 vs stable_peer=2.164e+04 | early_spend_usd: you=7314 vs stable_peer=5097 | language: you=es vs stable_peer=it | theme: you=celebrity vs stable_peer=combo | hook_type: you=trending vs stable_peer=free shipping | cta_text: you=Start now vs stable_peer=Try for free,11.0
500575,500138,4.612866558680333,early_revenue_usd: you=4.857e+04 vs stable_peer=3.948e+04 | early_spend_usd: you=1.131e+04 vs stable_peer=9908 | language: you=en vs stable_peer=es | theme: you=testimonial vs stable_peer=trailer | hook_type: you=watch now vs stable_peer=trending | cta_text: you=Shop now vs stable_peer=Order now,10.0
500592,500341,4.292766539932353,early_revenue_usd: you=3.788e+04 vs stable_peer=4.035e+04 | early_spend_usd: you=3534 vs stable_peer=3689 | language: you=en vs stable_peer=fr | theme: you=fantasy vs stable_peer=feature-focus | hook_type: you=new collection vs stable_peer=challenge | cta_text: you=Start now vs stable_peer=Book now,12.0
500594,500702,4.249798249060055,early_revenue_usd: you=6.429e+04 vs stable_peer=1.134e+05 | early_spend_usd: you=3285 vs stable_peer=5874 | language: you=it vs stable_peer=en | theme: you=family vs stable_peer=gameplay | hook_type: you=escape vs stable_peer=book now | headline: you=Escape this weekend vs stable_peer=Book your next trip,13.0
500596,500666,6.314642280732163,early_revenue_usd: you=1.918e+05 vs stable_peer=1.788e+05 | early_spend_usd: you=1.675e+04 vs stable_peer=1.305e+04 | format: you=rewarded_video vs stable_peer=interstitial | language: you=it vs stable_peer=en | theme: you=minimalist vs stable_peer=family | hook_type: you=2-for-1 vs stable_peer=escape,10.0
500597,500165,4.133903215647905,early_revenue_usd: you=4.783e+04 vs stable_peer=3.043e+04 | early_spend_usd: you=3036 vs stable_peer=2274 | language: you=fr vs stable_peer=it | theme: you=discount vs stable_peer=family | cta_text: you=Get offer vs stable_peer=Claim reward | headline: you=Last-minute savings vs stable_peer=Dream destinations await,13.0
500598,500347,4.949229156229196,early_revenue_usd: you=8.029e+04 vs stable_peer=9.25e+04 | early_spend_usd: you=5129 vs stable_peer=6181 | language: you=it vs stable_peer=es | hook_type: you=last-minute deal vs stable_peer=discover | cta_text: you=Shop now vs stable_peer=Get offer | subhead: you=Special fares today vs stable_peer=Flexible booking options,13.0
500602,500776,5.383111704677281,early_revenue_usd: you=3.467e+04 vs stable_peer=8.965e+04 | early_spend_usd: you=1.305e+04 vs stable_peer=4161 | vertical: you=food_delivery vs stable_peer=travel | language: you=ja vs stable_peer=pt | theme: you=gameplay vs stable_peer=wanderlust | hook_type: you=fast vs stable_peer=escape,10.0
500611,500539,4.782514207072334,early_revenue_usd: you=3.902e+04 vs stable_peer=3.268e+04 | early_spend_usd: you=1.139e+04 vs stable_peer=5553 | language: you=en vs stable_peer=es | headline: you=A new season drops vs stable_peer=Watch what’s trending | dominant_color: you=purple vs stable_peer=blue | emotional_tone: you=excited vs stable_peer=premium,13.0
500613,500109,4.404922321146418,early_spend_usd: you=5425 vs stable_peer=4954 | early_revenue_usd: you=1.444e+04 vs stable_peer=1.45e+04 | language: you=en vs stable_peer=de | theme: you=competitive vs stable_peer=combo | hook_type: you=challenge vs stable_peer=free rewards | cta_text: you=Watch now vs stable_peer=Order now,13.0
500614,500757,5.174147995255891,early_revenue_usd: you=1.663e+04 vs stable_peer=2.307e+04 | early_spend_usd: you=5877 vs stable_peer=7448 | language: you=de vs stable_peer=fr | theme: you=competitive vs stable_peer=minimalist | hook_type: you=challenge vs stable_peer=free rewards | headline: you=Join the arena vs stable_peer=Unlock rare gear,13.0
500615,500757,3.3120021982982215,early_revenue_usd: you=2.712e+04 vs stable_peer=2.307e+04 | early_spend_usd: you=1.043e+04 vs stable_peer=7448 | language: you=en vs stable_peer=fr | hook_type: you=challenge vs stable_peer=free rewards | cta_text: you=Install now vs stable_peer=Learn more | headline: you=Level up today vs stable_peer=Unlock rare gear,12.0
500617,500759,4.618536201832183,early_spend_usd: you=1.047e+04 vs stable_peer=6929 | early_revenue_usd: you=2.656e+04 vs stable_peer=2.382e+04 | format: you=rewarded_video vs stable_peer=playable | language: you=en vs stable_peer=fr | theme: you=reward vs stable_peer=urgency | cta_text: you=Install now vs stable_peer=Learn more,10.0
500624,500268,4.445286472529174,"early_revenue_usd: you=6.205e+04 vs stable_peer=4.706e+04 | early_spend_usd: you=4150 vs stable_peer=4040 | format: you=rewarded_video vs stable_peer=interstitial | theme: you=trust vs stable_peer=minimalist | headline: you=Save with confidence vs stable_peer=Track every euro | subhead: you=No hidden fees vs stable_peer=Fast signup, instant card",13.0
500632,500987,6.625032087496363,early_revenue_usd: you=2.334e+05 vs stable_peer=1.74e+05 | early_spend_usd: you=1.734e+04 vs stable_peer=1.618e+04 | vertical: you=travel vs stable_peer=fintech | language: you=fr vs stable_peer=es | theme: you=drama vs stable_peer=testimonial | hook_type: you=escape vs stable_peer=free rewards,10.0
500639,500926,4.538418660912074,early_revenue_usd: you=3.159e+04 vs stable_peer=3.965e+04 | early_spend_usd: you=6081 vs stable_peer=7562 | language: you=fr vs stable_peer=es | hook_type: you=late-night vs stable_peer=trending | cta_text: you=Try for free vs stable_peer=Install now | subhead: you=Late-night deals available vs stable_peer=Fresh favorites nearby,12.0
500642,500714,5.167764241203193,early_revenue_usd: you=2.94e+04 vs stable_peer=3.587e+04 | early_spend_usd: you=6906 vs stable_peer=7032 | language: you=fr vs stable_peer=ja | theme: you=drama vs stable_peer=trailer | cta_text: you=Learn more vs stable_peer=Try for free | headline: you=Watch what’s trending vs stable_peer=Exclusive tonight,12.0
500649,500542,3.886662258834824,early_revenue_usd: you=3.517e+04 vs stable_peer=3.89e+04 | early_spend_usd: you=1.198e+04 vs stable_peer=1.276e+04 | format: you=rewarded_video vs stable_peer=playable | theme: you=product-focus vs stable_peer=drama | cta_text: you=Install now vs stable_peer=Order now | dominant_color: you=purple vs stable_peer=orange,10.0
500652,500757,3.4968442232051373,early_revenue_usd: you=2.216e+04 vs stable_peer=2.307e+04 | early_spend_usd: you=7389 vs stable_peer=7448 | format: you=rewarded_video vs stable_peer=playable | language: you=en vs stable_peer=fr | theme: you=reward vs stable_peer=minimalist | hook_type: you=watch now vs stable_peer=free rewards,10.0
500667,500343,6.320322352724528,early_revenue_usd: you=2.016e+05 vs stable_peer=9.804e+04 | early_spend_usd: you=1.28e+04 vs stable_peer=5870 | language: you=en vs stable_peer=it | theme: you=minimalist vs stable_peer=discount | hook_type: you=late-night vs stable_peer=last-minute deal | cta_text: you=Start now vs stable_peer=Get offer,10.0
500668,500380,4.303473368563338,early_revenue_usd: you=7.752e+04 vs stable_peer=8.002e+04 | early_spend_usd: you=4515 vs stable_peer=6367 | hook_type: you=limited offer vs stable_peer=escape | subhead: you=Hotels + flights in one tap vs stable_peer=Flexible booking options | dominant_color: you=orange vs stable_peer=lime | emotional_tone: you=adventurous vs stable_peer=playful,13.0
500679,500754,2.5499564650921904,early_revenue_usd: you=2.507e+04 vs stable_peer=3.531e+04 | early_spend_usd: you=4860 vs stable_peer=6832 | language: you=en vs stable_peer=es | theme: you=drama vs stable_peer=celebrity | hook_type: you=trending vs stable_peer=watch now | cta_text: you=Try for free vs stable_peer=Start now,11.0
500680,501042,4.742385266441443,early_revenue_usd: you=2.943e+04 vs stable_peer=2.668e+04 | early_spend_usd: you=5826 vs stable_peer=8080 | language: you=es vs stable_peer=de | theme: you=ugc vs stable_peer=trailer | hook_type: you=book now vs stable_peer=fast | headline: you=Binge starts now vs stable_peer=A new season drops,11.0
500683,500934,4.562125632335171,early_revenue_usd: you=4.271e+04 vs stable_peer=2.723e+04 | early_spend_usd: you=8941 vs stable_peer=8402 | language: you=es vs stable_peer=de | theme: you=drama vs stable_peer=discount | cta_text: you=Shop now vs stable_peer=Get offer | headline: you=A new season drops vs stable_peer=Exclusive tonight,10.0
500686,500759,4.552371891074193,early_revenue_usd: you=2.815e+04 vs stable_peer=2.382e+04 | early_spend_usd: you=5402 vs stable_peer=6929 | language: you=es vs stable_peer=fr | theme: you=reward vs stable_peer=urgency | hook_type: you=last-minute deal vs stable_peer=challenge | cta_text: you=Shop now vs stable_peer=Learn more,13.0
500687,500288,4.840242579728876,early_spend_usd: you=2211 vs stable_peer=4047 | early_revenue_usd: you=1.135e+04 vs stable_peer=1.248e+04 | format: you=playable vs stable_peer=rewarded_video | language: you=pt vs stable_peer=fr | theme: you=fantasy vs stable_peer=product-focus | hook_type: you=power-up vs stable_peer=limited offer,12.0
500688,500581,4.912465744395398,early_spend_usd: you=4797 vs stable_peer=8960 | early_revenue_usd: you=2.193e+04 vs stable_peer=2.116e+04 | language: you=pt vs stable_peer=en | hook_type: you=challenge vs stable_peer=competition | cta_text: you=Try for free vs stable_peer=Claim reward | subhead: you=No ads in first week vs stable_peer=Free rewards for new players,10.0
500689,500216,4.964657764713776,early_spend_usd: you=2434 vs stable_peer=4639 | early_revenue_usd: you=1.22e+04 vs stable_peer=1.076e+04 | hook_type: you=power-up vs stable_peer=free shipping | cta_text: you=Try for free vs stable_peer=Watch now | subhead: you=No ads in first week vs stable_peer=Play with friends tonight | dominant_color: you=purple vs stable_peer=lime,11.0
500705,500018,3.2290617319352557,early_revenue_usd: you=5.829e+04 vs stable_peer=6.078e+04 | early_spend_usd: you=3296 vs stable_peer=4181 | language: you=en vs stable_peer=de | theme: you=competitive vs stable_peer=destination | hook_type: you=challenge vs stable_peer=escape | cta_text: you=Watch now vs stable_peer=Start now,15.0
500707,500236,4.375493313356756,early_revenue_usd: you=7.107e+04 vs stable_peer=6.851e+04 | early_spend_usd: you=5213 vs stable_peer=5679 | format: you=rewarded_video vs stable_peer=interstitial | theme: you=wanderlust vs stable_peer=trust | hook_type: you=discover vs stable_peer=book now | cta_text: you=Shop now vs stable_peer=Install now,15.0
500708,500960,4.28003639054465,early_revenue_usd: you=2.814e+04 vs stable_peer=3.208e+04 | early_spend_usd: you=4088 vs stable_peer=5591 | theme: you=discount vs stable_peer=combo | hook_type: you=late-night vs stable_peer=last-minute deal | cta_text: you=Shop now vs stable_peer=Order now | subhead: you=Late-night deals available vs stable_peer=Free delivery over $15,12.0
500709,500129,5.688956940574772,early_revenue_usd: you=2.818e+04 vs stable_peer=5.813e+04 | early_spend_usd: you=5849 vs stable_peer=3992 | vertical: you=food_delivery vs stable_peer=travel | language: you=es vs stable_peer=en | theme: you=urgency vs stable_peer=product-focus | hook_type: you=late-night vs stable_peer=discover,11.0
500711,500029,3.9512061247956747,early_spend_usd: you=2899 vs stable_peer=8388 | early_revenue_usd: you=1.863e+04 vs stable_peer=2.213e+04 | format: you=native vs stable_peer=banner | height: you=320 vs stable_peer=480 | language: you=es vs stable_peer=it | theme: you=discount vs stable_peer=combo,12.0
500720,500759,5.568859993099447,early_revenue_usd: you=3.125e+04 vs stable_peer=2.382e+04 | early_spend_usd: you=8423 vs stable_peer=6929 | language: you=en vs stable_peer=fr | theme: you=gameplay vs stable_peer=urgency | hook_type: you=power-up vs stable_peer=challenge | cta_text: you=Book now vs stable_peer=Learn more,13.0
500721,500579,4.131035527759011,early_revenue_usd: you=1.531e+04 vs stable_peer=2.958e+04 | early_spend_usd: you=5597 vs stable_peer=1.047e+04 | language: you=es vs stable_peer=fr | hook_type: you=power-up vs stable_peer=free rewards | cta_text: you=Shop now vs stable_peer=Start now | headline: you=Level up today vs stable_peer=Unlock rare gear,14.0
500722,500398,4.792485588771406,early_revenue_usd: you=1.101e+04 vs stable_peer=8402 | early_spend_usd: you=3675 vs stable_peer=3072 | format: you=rewarded_video vs stable_peer=playable | theme: you=combo vs stable_peer=fantasy | cta_text: you=Learn more vs stable_peer=Install now | headline: you=Unlock rare gear vs stable_peer=Join the arena,12.0
500723,500288,3.962112071645103,early_revenue_usd: you=1.426e+04 vs stable_peer=1.248e+04 | early_spend_usd: you=4272 vs stable_peer=4047 | language: you=en vs stable_peer=fr | theme: you=gameplay vs stable_peer=product-focus | hook_type: you=power-up vs stable_peer=limited offer | cta_text: you=Install now vs stable_peer=Start now,13.0
500738,500022,4.8485943343718985,early_revenue_usd: you=7.254e+04 vs stable_peer=5.443e+04 | early_spend_usd: you=7037 vs stable_peer=5064 | language: you=fr vs stable_peer=ja | theme: you=fantasy vs stable_peer=trust | hook_type: you=book now vs stable_peer=last-minute deal | cta_text: you=Shop now vs stable_peer=Learn more,12.0
500767,500690,2.006408976266155,early_revenue_usd: you=1.663e+04 vs stable_peer=2.703e+04 | early_spend_usd: you=4317 vs stable_peer=4403 | theme: you=discount vs stable_peer=celebrity | hook_type: you=limited offer vs stable_peer=new collection | cta_text: you=Shop now vs stable_peer=Order now | headline: you=Your next favorite pick vs stable_peer=Up to 40% off,13.0
500774,500634,4.931492251859668,early_revenue_usd: you=1.672e+05 vs stable_peer=1.345e+05 | early_spend_usd: you=1.026e+04 vs stable_peer=7384 | language: you=it vs stable_peer=pt | theme: you=celebrity vs stable_peer=destination | hook_type: you=escape vs stable_peer=last-minute deal | cta_text: you=Get offer vs stable_peer=Book now,10.0
500775,500343,5.526665869827623,early_revenue_usd: you=1.852e+05 vs stable_peer=9.804e+04 | early_spend_usd: you=1.055e+04 vs stable_peer=5870 | language: you=pt vs stable_peer=it | theme: you=reward vs stable_peer=discount | headline: you=Last-minute savings vs stable_peer=Book your next trip | subhead: you=Hotels + flights in one tap vs stable_peer=Flexible booking options,10.0
500782,500997,3.807957597713628,early_revenue_usd: you=1.786e+04 vs stable_peer=1.345e+04 | early_spend_usd: you=3127 vs stable_peer=3492 | language: you=es vs stable_peer=en | theme: you=family vs stable_peer=combo | cta_text: you=Shop now vs stable_peer=Install now | headline: you=2-for-1 tonight vs stable_peer=Dinner in minutes,11.0
500793,500077,4.491925208494757,early_revenue_usd: you=1.548e+04 vs stable_peer=1.458e+04 | early_spend_usd: you=5868 vs stable_peer=5338 | language: you=ja vs stable_peer=en | theme: you=fantasy vs stable_peer=reward | hook_type: you=competition vs stable_peer=challenge | cta_text: you=Try for free vs stable_peer=Learn more,12.0
500796,500761,6.268471853928216,early_revenue_usd: you=4.823e+04 vs stable_peer=3.525e+04 | early_spend_usd: you=1.835e+04 vs stable_peer=1.179e+04 | format: you=playable vs stable_peer=rewarded_video | language: you=de vs stable_peer=es | theme: you=fantasy vs stable_peer=wanderlust | hook_type: you=last-minute deal vs stable_peer=free rewards,10.0
500813,500342,4.932347369247616,early_revenue_usd: you=1.62e+05 vs stable_peer=1.681e+05 | early_spend_usd: you=9927 vs stable_peer=9116 | format: you=interstitial vs stable_peer=native | width: you=360 vs stable_peer=320 | height: you=640 vs stable_peer=320 | language: you=fr vs stable_peer=en,11.0
500822,500846,4.14591404414068,early_revenue_usd: you=3.379e+04 vs stable_peer=5.616e+04 | early_spend_usd: you=6282 vs stable_peer=4844 | vertical: you=entertainment vs stable_peer=travel | theme: you=drama vs stable_peer=discount | hook_type: you=fast vs stable_peer=last-minute deal | cta_text: you=Learn more vs stable_peer=Shop now,11.0
500824,500715,3.586195624577398,early_revenue_usd: you=5.5e+04 vs stable_peer=4.033e+04 | early_spend_usd: you=1.426e+04 vs stable_peer=1.041e+04 | language: you=en vs stable_peer=es | theme: you=celebrity vs stable_peer=destination | hook_type: you=watch now vs stable_peer=trending | subhead: you=Start free today vs stable_peer=New hits every week,10.0
500829,500473,4.753165625362442,early_revenue_usd: you=1.347e+04 vs stable_peer=1.031e+04 | early_spend_usd: you=2963 vs stable_peer=3494 | language: you=pt vs stable_peer=fr | hook_type: you=competition vs stable_peer=exclusive | cta_text: you=Get offer vs stable_peer=Claim reward | headline: you=Join the arena vs stable_peer=Level up today,13.0
500830,500216,4.74616254573821,early_spend_usd: you=2140 vs stable_peer=4639 | early_revenue_usd: you=8883 vs stable_peer=1.076e+04 | format: you=interstitial vs stable_peer=playable | theme: you=reward vs stable_peer=fantasy | hook_type: you=power-up vs stable_peer=free shipping | cta_text: you=Learn more vs stable_peer=Watch now,13.0
500831,500216,4.396439121545055,early_spend_usd: you=2165 vs stable_peer=4639 | early_revenue_usd: you=9360 vs stable_peer=1.076e+04 | format: you=interstitial vs stable_peer=playable | language: you=ja vs stable_peer=pt | theme: you=reward vs stable_peer=fantasy | hook_type: you=competition vs stable_peer=free shipping,13.0
500832,500288,4.23085515671952,early_spend_usd: you=2661 vs stable_peer=4047 | early_revenue_usd: you=1.303e+04 vs stable_peer=1.248e+04 | language: you=it vs stable_peer=fr | theme: you=gameplay vs stable_peer=product-focus | hook_type: you=challenge vs stable_peer=limited offer | cta_text: you=Shop now vs stable_peer=Start now,14.0
500833,500757,4.655674806064474,early_revenue_usd: you=1.862e+04 vs stable_peer=2.307e+04 | early_spend_usd: you=4263 vs stable_peer=7448 | language: you=it vs stable_peer=fr | theme: you=fantasy vs stable_peer=minimalist | hook_type: you=late-night vs stable_peer=free rewards | subhead: you=No ads in first week vs stable_peer=Play with friends tonight,15.0
500855,500237,4.951660674687615,early_revenue_usd: you=2.129e+04 vs stable_peer=5.134e+04 | early_spend_usd: you=2976 vs stable_peer=3622 | vertical: you=food_delivery vs stable_peer=travel | theme: you=competitive vs stable_peer=food-closeup | hook_type: you=late-night vs stable_peer=last-minute deal | cta_text: you=Watch now vs stable_peer=Shop now,12.0
500861,500754,3.757455510014187,early_revenue_usd: you=2.49e+04 vs stable_peer=3.531e+04 | early_spend_usd: you=5221 vs stable_peer=6832 | language: you=en vs stable_peer=es | theme: you=drama vs stable_peer=celebrity | hook_type: you=new season vs stable_peer=watch now | cta_text: you=Try for free vs stable_peer=Start now,13.0
500862,500285,4.493426418558988,early_revenue_usd: you=2.314e+04 vs stable_peer=2.736e+04 | early_spend_usd: you=4628 vs stable_peer=7771 | theme: you=trailer vs stable_peer=feature-focus | hook_type: you=cashback vs stable_peer=exclusive | headline: you=Watch what’s trending vs stable_peer=Exclusive tonight | subhead: you=Start free today vs stable_peer=New hits every week,11.0
500865,500073,4.920146318247136,early_spend_usd: you=5531 vs stable_peer=7556 | early_revenue_usd: you=1.592e+04 vs stable_peer=1.434e+04 | format: you=native vs stable_peer=banner | height: you=320 vs stable_peer=480 | language: you=ja vs stable_peer=fr | theme: you=fantasy vs stable_peer=drama,12.0
500866,500653,4.939515940263836,early_revenue_usd: you=1.904e+04 vs stable_peer=2.169e+04 | early_spend_usd: you=8651 vs stable_peer=9135 | hook_type: you=save smarter vs stable_peer=limited offer | cta_text: you=Get offer vs stable_peer=Start now | headline: you=Unlock rare gear vs stable_peer=Join the arena | subhead: you=No ads in first week vs stable_peer=Play with friends tonight,10.0
500886,500669,3.407065933610889,early_revenue_usd: you=9.02e+04 vs stable_peer=9.51e+04 | early_spend_usd: you=5970 vs stable_peer=4548 | language: you=es vs stable_peer=en | theme: you=wanderlust vs stable_peer=family | hook_type: you=2-for-1 vs stable_peer=discover | headline: you=Book your next trip vs stable_peer=Dream destinations await,12.0
500887,500347,4.100540236978957,early_revenue_usd: you=8.392e+04 vs stable_peer=9.25e+04 | early_spend_usd: you=6452 vs stable_peer=6181 | language: you=en vs stable_peer=es | theme: you=destination vs stable_peer=discount | hook_type: you=escape vs stable_peer=discover | cta_text: you=Order now vs stable_peer=Get offer,11.0
500888,500785,3.5223460586294175,early_spend_usd: you=5798 vs stable_peer=3402 | early_revenue_usd: you=2.463e+04 vs stable_peer=2.651e+04 | language: you=de vs stable_peer=en | cta_text: you=Get offer vs stable_peer=Learn more | dominant_color: you=blue vs stable_peer=orange | emotional_tone: you=excited vs stable_peer=adventurous,13.0
500892,500601,3.862542502416121,early_revenue_usd: you=1.874e+04 vs stable_peer=1.082e+04 | early_spend_usd: you=4101 vs stable_peer=3256 | format: you=rewarded_video vs stable_peer=interstitial | language: you=es vs stable_peer=en | theme: you=combo vs stable_peer=discount | hook_type: you=fast vs stable_peer=2-for-1,13.0
500900,500004,4.753886240720664,early_revenue_usd: you=2.621e+04 vs stable_peer=2.946e+04 | early_spend_usd: you=1.393e+04 vs stable_peer=1.462e+04 | theme: you=feature-focus vs stable_peer=reward | hook_type: you=challenge vs stable_peer=limited offer | cta_text: you=Install now vs stable_peer=Get offer | headline: you=Join the arena vs stable_peer=Level up today,12.0
500901,500288,3.2031797574811507,early_revenue_usd: you=1.026e+04 vs stable_peer=1.248e+04 | early_spend_usd: you=4835 vs stable_peer=4047 | language: you=ja vs stable_peer=fr | theme: you=reward vs stable_peer=product-focus | hook_type: you=free rewards vs stable_peer=limited offer | cta_text: you=Order now vs stable_peer=Start now,11.0
500903,500939,5.143740184383783,early_revenue_usd: you=1.1e+04 vs stable_peer=5759 | early_spend_usd: you=4616 vs stable_peer=2198 | language: you=ja vs stable_peer=es | theme: you=fantasy vs stable_peer=gameplay | hook_type: you=power-up vs stable_peer=free rewards | cta_text: you=Start now vs stable_peer=Try for free,14.0
500905,500505,3.9107770822581873,early_spend_usd: you=5395 vs stable_peer=4775 | early_revenue_usd: you=1.169e+04 vs stable_peer=1.23e+04 | hook_type: you=cashback vs stable_peer=free shipping | cta_text: you=Start now vs stable_peer=Claim reward | emotional_tone: you=premium vs stable_peer=urgent | copy_length_chars: you=46 vs stable_peer=24,13.0
500911,500045,4.9323254480620085,early_revenue_usd: you=1.135e+04 vs stable_peer=8430 | early_spend_usd: you=2335 vs stable_peer=2602 | theme: you=product-focus vs stable_peer=minimalist | hook_type: you=new collection vs stable_peer=limited offer | cta_text: you=Get offer vs stable_peer=Install now | headline: you=Flash sale live vs stable_peer=Limited stock,14.0
500917,500268,3.892371253600639,early_revenue_usd: you=6.556e+04 vs stable_peer=4.706e+04 | early_spend_usd: you=5709 vs stable_peer=4040 | format: you=playable vs stable_peer=interstitial | theme: you=feature-focus vs stable_peer=minimalist | hook_type: you=security vs stable_peer=save smarter | cta_text: you=Book now vs stable_peer=Claim reward,13.0
500919,500417,4.502265980048402,early_revenue_usd: you=6.102e+04 vs stable_peer=5.752e+04 | early_spend_usd: you=5263 vs stable_peer=2748 | language: you=pt vs stable_peer=es | theme: you=feature-focus vs stable_peer=fantasy | hook_type: you=power-up vs stable_peer=escape | cta_text: you=Install now vs stable_peer=Get offer,14.0
500935,501079,5.238593499725673,early_revenue_usd: you=2.639e+04 vs stable_peer=2.951e+04 | early_spend_usd: you=7485 vs stable_peer=4439 | language: you=fr vs stable_peer=en | theme: you=ugc vs stable_peer=testimonial | hook_type: you=trending vs stable_peer=late-night | cta_text: you=Get offer vs stable_peer=Install now,12.0
500937,500867,4.926279373741949,early_revenue_usd: you=2.25e+04 vs stable_peer=8404 | early_spend_usd: you=7683 vs stable_peer=2909 | language: you=es vs stable_peer=en | theme: you=competitive vs stable_peer=reward | hook_type: you=competition vs stable_peer=discover | cta_text: you=Claim reward vs stable_peer=Get offer,10.0
500940,500580,4.189668599078797,early_spend_usd: you=8913 vs stable_peer=8097 | early_revenue_usd: you=2.026e+04 vs stable_peer=2.001e+04 | language: you=de vs stable_peer=en | theme: you=family vs stable_peer=reward | hook_type: you=competition vs stable_peer=book now | cta_text: you=Install now vs stable_peer=Start now,10.0
500954,500055,4.310231049559145,early_revenue_usd: you=7.239e+04 vs stable_peer=1.036e+05 | early_spend_usd: you=6083 vs stable_peer=5505 | language: you=en vs stable_peer=it | theme: you=discount vs stable_peer=destination | hook_type: you=limited offer vs stable_peer=discover | cta_text: you=Order now vs stable_peer=Install now,13.0
500957,500814,4.570506598760708,early_revenue_usd: you=8.749e+04 vs stable_peer=4.558e+04 | early_spend_usd: you=8243 vs stable_peer=3382 | language: you=de vs stable_peer=fr | hook_type: you=last-minute deal vs stable_peer=fast | emotional_tone: you=calm vs stable_peer=excited | copy_length_chars: you=74 vs stable_peer=30,13.0
500958,500968,4.243664624474741,early_revenue_usd: you=8.461e+04 vs stable_peer=2.024e+04 | early_spend_usd: you=7469 vs stable_peer=5200 | vertical: you=travel vs stable_peer=entertainment | theme: you=wanderlust vs stable_peer=ugc | hook_type: you=trending vs stable_peer=new season | headline: you=Book your next trip vs stable_peer=A new season drops,11.0
500963,500620,4.484713183286466,early_revenue_usd: you=2.486e+04 vs stable_peer=1.979e+04 | early_spend_usd: you=3201 vs stable_peer=2204 | vertical: you=food_delivery vs stable_peer=ecommerce | theme: you=combo vs stable_peer=discount | hook_type: you=free delivery vs stable_peer=free shipping | cta_text: you=Watch now vs stable_peer=Start now,12.0
500964,501070,4.126507212660828,early_revenue_usd: you=1.521e+04 vs stable_peer=1.234e+04 | early_spend_usd: you=2591 vs stable_peer=3666 | language: you=it vs stable_peer=ja | theme: you=urgency vs stable_peer=wanderlust | hook_type: you=new collection vs stable_peer=late-night | cta_text: you=Order now vs stable_peer=Watch now,12.0
500969,500068,4.6909400945053115,early_revenue_usd: you=5.1e+04 vs stable_peer=3.65e+04 | early_spend_usd: you=1.415e+04 vs stable_peer=1.235e+04 | language: you=en vs stable_peer=de | theme: you=trailer vs stable_peer=celebrity | hook_type: you=book now vs stable_peer=exclusive | cta_text: you=Get offer vs stable_peer=Book now,10.0
500972,500757,5.542642576296088,early_spend_usd: you=1.054e+04 vs stable_peer=7448 | early_revenue_usd: you=2.31e+04 vs stable_peer=2.307e+04 | language: you=en vs stable_peer=fr | theme: you=celebrity vs stable_peer=minimalist | cta_text: you=Claim reward vs stable_peer=Learn more | headline: you=Beat your rivals vs stable_peer=Unlock rare gear,11.0
500973,500505,4.554747193658793,early_revenue_usd: you=2.717e+04 vs stable_peer=1.23e+04 | early_spend_usd: you=1.227e+04 vs stable_peer=4775 | hook_type: you=challenge vs stable_peer=free shipping | cta_text: you=Get offer vs stable_peer=Claim reward | headline: you=Join the arena vs stable_peer=Level up today | dominant_color: you=orange vs stable_peer=purple,11.0
500975,500543,4.558384481894017,early_spend_usd: you=9876 vs stable_peer=5880 | early_revenue_usd: you=2.105e+04 vs stable_peer=1.949e+04 | theme: you=product-focus vs stable_peer=competitive | hook_type: you=save smarter vs stable_peer=security | headline: you=Join the arena vs stable_peer=Beat your rivals | subhead: you=Free rewards for new players vs stable_peer=Play with friends tonight,10.0
500976,500868,5.060496416557006,early_revenue_usd: you=2.449e+04 vs stable_peer=1.16e+04 | early_spend_usd: you=1.237e+04 vs stable_peer=4928 | format: you=playable vs stable_peer=rewarded_video | language: you=en vs stable_peer=ja | theme: you=family vs stable_peer=fantasy | hook_type: you=2-for-1 vs stable_peer=book now,13.0
500978,500295,3.403576104864979,early_revenue_usd: you=1.916e+04 vs stable_peer=1.415e+04 | early_spend_usd: you=4004 vs stable_peer=4014 | language: you=en vs stable_peer=ja | theme: you=testimonial vs stable_peer=food-closeup | hook_type: you=trending vs stable_peer=new collection | cta_text: you=Get offer vs stable_peer=Book now,14.0
500979,500474,4.711361416711867,early_revenue_usd: you=1.293e+04 vs stable_peer=1.348e+04 | early_spend_usd: you=2234 vs stable_peer=2069 | theme: you=product-focus vs stable_peer=ugc | hook_type: you=power-up vs stable_peer=late-night | cta_text: you=Try for free vs stable_peer=Order now | subhead: you=Only this weekend vs stable_peer=Shop bestsellers now,14.0
500982,500261,4.360696831710493,early_revenue_usd: you=1.498e+04 vs stable_peer=2.021e+04 | early_spend_usd: you=2462 vs stable_peer=5166 | language: you=fr vs stable_peer=en | theme: you=testimonial vs stable_peer=ugc | hook_type: you=last-minute deal vs stable_peer=free shipping | cta_text: you=Shop now vs stable_peer=Learn more,15.0
500998,500785,4.559417860104485,"early_revenue_usd: you=2.016e+04 vs stable_peer=2.651e+04 | early_spend_usd: you=4327 vs stable_peer=3402 | theme: you=discount vs stable_peer=combo | hook_type: you=free delivery vs stable_peer=fast | cta_text: you=Order now vs stable_peer=Learn more | headline: you=Your cravings, delivered vs stable_peer=Hungry? We got you",12.0
501008,500216,4.438921988170924,early_spend_usd: you=2789 vs stable_peer=4639 | early_revenue_usd: you=1.107e+04 vs stable_peer=1.076e+04 | format: you=interstitial vs stable_peer=playable | language: you=it vs stable_peer=pt | hook_type: you=challenge vs stable_peer=free shipping | cta_text: you=Try for free vs stable_peer=Watch now,12.0
501009,500218,3.3206686882069087,early_revenue_usd: you=1.665e+04 vs stable_peer=1.127e+04 | early_spend_usd: you=4514 vs stable_peer=5191 | language: you=es vs stable_peer=en | theme: you=fantasy vs stable_peer=competitive | hook_type: you=fast vs stable_peer=competition | cta_text: you=Try for free vs stable_peer=Learn more,11.0
501010,501011,4.2064766608635775,early_revenue_usd: you=1.26e+04 vs stable_peer=1.03e+04 | early_spend_usd: you=3143 vs stable_peer=2496 | theme: you=competitive vs stable_peer=reward | hook_type: you=challenge vs stable_peer=free rewards | headline: you=Join the arena vs stable_peer=Level up today | subhead: you=No ads in first week vs stable_peer=Free rewards for new players,13.0
501012,500077,4.420556172316684,early_revenue_usd: you=1.197e+04 vs stable_peer=1.458e+04 | early_spend_usd: you=2768 vs stable_peer=5338 | format: you=playable vs stable_peer=interstitial | language: you=es vs stable_peer=en | theme: you=gameplay vs stable_peer=reward | hook_type: you=competition vs stable_peer=challenge,13.0
501013,500473,4.928971447464677,early_revenue_usd: you=2.15e+04 vs stable_peer=1.031e+04 | early_spend_usd: you=5971 vs stable_peer=3494 | language: you=es vs stable_peer=fr | hook_type: you=security vs stable_peer=exclusive | cta_text: you=Book now vs stable_peer=Claim reward | headline: you=Unlock rare gear vs stable_peer=Level up today,10.0
501015,500440,5.337018220726472,early_revenue_usd: you=5.565e+04 vs stable_peer=4.749e+04 | early_spend_usd: you=1.465e+04 vs stable_peer=1.232e+04 | language: you=it vs stable_peer=en | theme: you=discount vs stable_peer=testimonial | hook_type: you=limited offer vs stable_peer=free shipping | cta_text: you=Try for free vs stable_peer=Claim reward,11.0
501029,500062,4.412172801854427,early_revenue_usd: you=7.809e+04 vs stable_peer=3.524e+04 | early_spend_usd: you=6280 vs stable_peer=5522 | vertical: you=travel vs stable_peer=food_delivery | language: you=es vs stable_peer=en | theme: you=discount vs stable_peer=combo | hook_type: you=limited offer vs stable_peer=late-night,13.0
501044,500216,4.06863040170926,early_revenue_usd: you=1.191e+04 vs stable_peer=1.076e+04 | early_spend_usd: you=4889 vs stable_peer=4639 | format: you=rewarded_video vs stable_peer=playable | language: you=de vs stable_peer=pt | hook_type: you=power-up vs stable_peer=free shipping | cta_text: you=Try for free vs stable_peer=Watch now,13.0
501048,500003,4.012457382732523,early_revenue_usd: you=1.796e+04 vs stable_peer=2.949e+04 | early_spend_usd: you=8750 vs stable_peer=1.34e+04 | language: you=de vs stable_peer=en | theme: you=gameplay vs stable_peer=testimonial | hook_type: you=watch now vs stable_peer=free shipping | cta_text: you=Start now vs stable_peer=Order now,12.0
501062,500595,4.851009258663684,early_revenue_usd: you=7.186e+04 vs stable_peer=5.814e+04 | early_spend_usd: you=4699 vs stable_peer=3298 | language: you=it vs stable_peer=ja | theme: you=discount vs stable_peer=destination | hook_type: you=discover vs stable_peer=book now | cta_text: you=Try for free vs stable_peer=Start now,12.0
501063,500779,4.173216409767814,early_revenue_usd: you=8.128e+04 vs stable_peer=1.179e+05 | early_spend_usd: you=4383 vs stable_peer=5433 | language: you=it vs stable_peer=pt | theme: you=destination vs stable_peer=discount | hook_type: you=power-up vs stable_peer=last-minute deal | cta_text: you=Start now vs stable_peer=Try for free,14.0
501065,500236,4.104116741457725,early_revenue_usd: you=9.203e+04 vs stable_peer=6.851e+04 | early_spend_usd: you=5606 vs stable_peer=5679 | language: you=es vs stable_peer=fr | theme: you=family vs stable_peer=trust | hook_type: you=discover vs stable_peer=book now | cta_text: you=Shop now vs stable_peer=Install now,12.0
501067,500417,3.9916389263747765,early_revenue_usd: you=7.161e+04 vs stable_peer=5.752e+04 | early_spend_usd: you=4789 vs stable_peer=2748 | theme: you=destination vs stable_peer=fantasy | hook_type: you=discover vs stable_peer=escape | cta_text: you=Install now vs stable_peer=Get offer | headline: you=Last-minute savings vs stable_peer=Dream destinations await,12.0
501072,500029,3.9619050515332153,early_revenue_usd: you=2.778e+04 vs stable_peer=2.213e+04 | early_spend_usd: you=7326 vs stable_peer=8388 | format: you=native vs stable_peer=banner | height: you=320 vs stable_peer=480 | language: you=en vs stable_peer=it | hook_type: you=free delivery vs stable_peer=fast,10.0
501074,500934,4.4365811647402165,early_revenue_usd: you=3.317e+04 vs stable_peer=2.723e+04 | early_spend_usd: you=6229 vs stable_peer=8402 | language: you=en vs stable_peer=de | theme: you=ugc vs stable_peer=discount | cta_text: you=Install now vs stable_peer=Get offer | headline: you=A new season drops vs stable_peer=Exclusive tonight,10.0
